snapshot_date,title,rating,release_year,genre,duration,director,stars,short_description,u_key
20250307,The Shawshank Redemption,9.3,1994,Drama,2:22,Frank Darabont,"Tim Robbins, Morgan Freeman, Bob Gunton","A banker convicted of uxoricide forms a friendship over a quarter century with a hardened convict, while maintaining his innocence and trying to remain hopeful through simple compassion.",15836302607079846498837203858841434
20250307,The Godfather,9.2,1972,Crime,2:55,Francis Ford Coppola,"Marlon Brando, Al Pacino, James Caan",The aging patriarch of an organized crime dynasty transfers control of his clandestine empire to his reluctant son.,1320539192109271854189432902924679979
20250307,The Dark Knight,9.0,2008,Action,2:32,Christopher Nolan,"Christian Bale, Heath Ledger, Aaron Eckhart","When a menace known as the Joker wreaks havoc and chaos on the people of Gotham, Batman, James Gordon and Harvey Dent must work together to put an end to the madness.",1132180284397144726374467240621614601
20250307,The Godfather Part II,9.0,1974,Crime,3:22,Francis Ford Coppola,"Al Pacino, Robert De Niro, Robert Duvall","The early life and career of Vito Corleone in 1920s New York City is portrayed, while his son, Michael, expands and tightens his grip on the family crime syndicate.",354390736153532233978570029867430196
20250307,12 Angry Men,9.0,1957,Crime,1:36,Sidney Lumet,"Henry Fonda, Lee J. Cobb, Martin Balsam",The jury in a New York City murder trial is frustrated by a single member whose skeptical caution forces them to more carefully consider the evidence before jumping to a hasty verdict.,818013119341971577130128094581815412
20250307,The Lord of the Rings: The Return of the King,9.0,2003,Adventure,3:21,Peter Jackson,"Elijah Wood, Viggo Mortensen, Ian Mc, Kellen",Gandalf and Aragorn lead the World of Men against Sauron's army to draw his gaze from Frodo and Sam as they approach Mount Doom with the One Ring.,611237500407065184372657102042661822
20250307,Schindler's List,9.0,1993,Biography,3:15,Steven Spielberg,"Liam Neeson, Ralph Fiennes, Ben Kingsley","In German-occupied Poland during World War II, industrialist Oskar Schindler gradually becomes concerned for his Jewish workforce after witnessing their persecution by the Nazis.",431422620561051379320142854682699503
20250307,Pulp Fiction,8.9,1994,Crime,2:34,Quentin Tarantino,"John Travolta, Uma Thurman, Samuel L. Jackson","The lives of two mob hitmen, a boxer, a gangster and his wife, and a pair of diner bandits intertwine in four tales of violence and redemption.",244716711617807002840596740165165923
20250307,The Lord of the Rings: The Fellowship of the Ring,8.9,2001,Adventure,2:58,Peter Jackson,"Elijah Wood, Ian Mc, Kellen, Orlando Bloom",A meek Hobbit from the Shire and eight companions set out on a journey to destroy the powerful One Ring and save Middle-earth from the Dark Lord Sauron.,930732194674789028981649372883838624
20250307,"The Good, the Bad and the Ugly",8.8,1966,Adventure,2:28,Sergio Leone,"Clint Eastwood, Eli Wallach, Lee Van Cleef",A bounty-hunting scam joins two men in an uneasy alliance against a third in a race to find a fortune in gold buried in a remote cemetery.,637871477226297590888239748860823056
20250307,Forrest Gump,8.8,1994,Drama,2:22,Robert Zemeckis,"Tom Hanks, Robin Wright, Gary Sinise","The history of the United States from the 1950s to the '70s unfolds from the perspective of an Alabama man with an IQ of 75, who yearns to be reunited with his childhood sweetheart.",698183149444465861763574434479148774
20250307,The Lord of the Rings: The Two Towers,8.8,2002,Adventure,2:59,Peter Jackson,"Elijah Wood, Ian Mc, Kellen, Viggo Mortensen","While Frodo and Sam edge closer to Mordor with the help of the shifty Gollum, the divided fellowship makes a stand against Sauron's new ally, Saruman, and his hordes of Isengard.",1119595799484671327785702956681222455
20250307,Fight Club,8.8,1999,Drama,2:19,David Fincher,"Brad Pitt, Edward Norton, Meat Loaf",An insomniac office worker and a devil-may-care soap maker form an underground fight club that evolves into much more.,1078879753283859632565122222355149222
20250307,Inception,8.8,2010,Action,2:28,Christopher Nolan,"Leonardo Di, Caprio, Joseph Gordon-Levitt, Elliot Page","A thief who steals corporate secrets through the use of dream-sharing technology is given the inverse task of planting an idea into the mind of a C.E.O., but his tragic past may doom the project and his team to disaster.",443750903788307051313954902639743586
20250307,Star Wars: Episode V - The Empire Strikes Back,8.7,1980,Action,2:04,Irvin Kershner,"Mark Hamill, Harrison Ford, Carrie Fisher","After the Empire overpowers the Rebel Alliance, Luke Skywalker begins training with Jedi Master Yoda, while Darth Vader and bounty hunter Boba Fett pursue his friends across the galaxy.",66405002998922232967237043049628513
20250307,The Matrix,8.7,1999,Action,2:16,Lana Wachowski,"Keanu Reeves, Laurence Fishburne, Carrie-Anne Moss","When a beautiful stranger leads computer hacker Neo to a forbidding underworld, he discovers the shocking truth--the life he knows is the elaborate deception of an evil cyber-intelligence.",1107385638462186591588611815265084228
20250307,GoodFellas,8.7,1990,Biography,2:25,Martin Scorsese,"Robert De Niro, Ray Liotta, Joe Pesci","The story of Henry Hill and his life in the mafia, covering his relationship with his wife Karen and his mob partners Jimmy Conway and Tommy DeVito.",73629604065480744451997372723265046
20250307,One Flew Over the Cuckoo's Nest,8.7,1975,Drama,2:13,Milos Forman,"Jack Nicholson, Louise Fletcher, Michael Berryman","In the Fall of 1963, a Korean War veteran and criminal pleads insanity and is admitted to a mental institution, where he rallies up the scared patients against the tyrannical nurse.",167973835889815042831303418444827522
20250307,Interstellar,8.7,2014,Adventure,2:49,Christopher Nolan,"Matthew Mc, Conaughey, Anne Hathaway, Jessica Chastain","When Earth becomes uninhabitable in the future, a farmer and ex-NASA pilot, Joseph Cooper, is tasked to pilot a spacecraft, along with a team of researchers, to find a new planet for humans.",357882494618421883935369253450563620
20250307,Seven,8.6,1995,Crime,2:07,David Fincher,"Morgan Freeman, Brad Pitt, Kevin Spacey","Two detectives, a rookie and a veteran, hunt a serial killer who uses the seven deadly sins as his motives.",994521106481026206793151557577042103
20250307,It's a Wonderful Life,8.6,1946,Drama,2:10,Frank Capra,"James Stewart, Donna Reed, Lionel Barrymore",An angel is sent from Heaven to help a desperately frustrated businessman by showing him what life would have been like if he had never existed.,764509423874890801099144495220054588
20250307,Seven Samurai,8.6,1954,Action,3:27,Akira Kurosawa,"Toshirô Mifune, Takashi Shimura, Keiko Tsushima","Farmers from a village exploited by bandits hire a veteran samurai for protection, and he gathers six other samurai to join him.",1088107673398739392561264587255591746
20250307,The Silence of the Lambs,8.6,1991,Crime,1:58,Jonathan Demme,"Jodie Foster, Anthony Hopkins, Scott Glenn","A young F.B.I. cadet must receive the help of an incarcerated and manipulative cannibal killer to help catch another serial killer, a madman who skins his victims.",449578018872136992565682412897657922
20250307,Saving Private Ryan,8.6,1998,Drama,2:49,Steven Spielberg,"Tom Hanks, Matt Damon, Tom Sizemore","Following the Normandy Landings, a group of U.S. soldiers go behind enemy lines to retrieve a paratrooper whose brothers have been killed in action.",134390391700298570999632227154378666
20250307,City of God,8.6,2002,Crime,2:10,Fernando Meirelles,"Alexandre Rodrigues, Leandro Firmino, Matheus Nachtergaele","In the slums of Rio, two kids' paths diverge as one struggles to become a photographer and the other a kingpin.",749839897388755485607879321366744501
20250307,The Green Mile,8.6,1999,Crime,3:09,Frank Darabont,"Tom Hanks, Michael Clarke Duncan, David Morse",A death row guard learns that a gentle giant in his charge possesses a mysterious gift.,167148492714778921649464822922278537
20250307,Life Is Beautiful,8.6,1997,Comedy,1:56,Roberto Benigni,"Roberto Benigni, Nicoletta Braschi, Giorgio Cantarini","When an open-minded Jewish waiter and his son become victims of the Holocaust, he uses a perfect mixture of will, humor and imagination to protect his son from the dangers around their camp.",895083613142123694295800221994114252
20250307,Terminator 2: Judgment Day,8.6,1991,Action,2:17,James Cameron,"Arnold Schwarzenegger, Linda Hamilton, Edward Furlong","A cyborg, identical to the one who failed to kill Sarah Connor, must now protect her ten year old son John from an even more advanced and powerful cyborg.",235104618275292155102869573927172853
20250307,Star Wars: Episode IV - A New Hope,8.6,1977,Action,2:01,George Lucas,"Mark Hamill, Harrison Ford, Carrie Fisher","Luke Skywalker joins forces with a Jedi Knight, a cocky pilot, a Wookiee and two droids to save the galaxy from the Empire's world-destroying battle station, while also attempting to rescue Princess Leia from the mysterious Darth Vader.",796808600763199894795229433771065336
20250307,Back to the Future,8.5,1985,Adventure,1:56,Robert Zemeckis,"Michael J. Fox, Christopher Lloyd, Lea Thompson","Marty McFly, a 17-year-old high school student, is accidentally sent 30 years into the past in a time-traveling DeLorean invented by his close friend, the maverick scientist Doc Brown.",993985240144828081538844603572285510
20250307,Spirited Away,8.6,2001,Animation,2:04,Hayao Miyazaki,"Daveigh Chase, Suzanne Pleshette, Miyu Irino","During her family's move to the suburbs, a sullen 10-year-old girl wanders into a world ruled by gods, witches and spirits, and where humans are changed into beasts.",840063792656976616589151500386945987
20250307,The Pianist,8.5,2002,Biography,2:30,Roman Polanski,"Adrien Brody, Thomas Kretschmann, Frank Finlay","During WWII, acclaimed Polish musician Wladyslaw faces various struggles as he loses contact with his family. As the situation worsens, he hides in the ruins of Warsaw in order to survive.",585926448110953456489885342266377105
20250307,Gladiator,8.5,2000,Action,2:35,Ridley Scott,"Russell Crowe, Joaquin Phoenix, Connie Nielsen",A former Roman General sets out to exact vengeance against the corrupt emperor who murdered his family and sent him into slavery.,854557797563667143557480724832978154
20250307,Parasite,8.5,2019,Drama,2:12,Bong Joon Ho,"Song Kang-ho, Lee Sun-kyun, Cho Yeo-jeong",Greed and class discrimination threaten the newly formed symbiotic relationship between the wealthy Park family and the destitute Kim clan.,1236485315926456306902502196789633515
20250307,Psycho,8.5,1960,Horror,1:49,Alfred Hitchcock,"Anthony Perkins, Janet Leigh, Vera Miles",A secretary on the run for embezzlement takes refuge at a secluded California motel owned by a repressed man and his overbearing mother.,1027513782464309955155766128722849798
20250307,The Lion King,8.5,1994,Animation,1:28,Roger Allers,"Matthew Broderick, Jeremy Irons, James Earl Jones","Lion prince Simba and his father are targeted by his bitter uncle, who wants to ascend the throne himself.",441207702609183009389865661275859867
20250307,Grave of the Fireflies,8.5,1988,Animation,1:28,Isao Takahata,"Tsutomu Tatsumi, Ayano Shiraishi, Akemi Yamaguchi",A young boy and his little sister struggle to survive in Japan during World War II.,270339955308724854648025543377192174
20250307,The Departed,8.5,2006,Crime,2:31,Martin Scorsese,"Leonardo Di, Caprio, Matt Damon, Jack Nicholson",An undercover cop and a mole in the police attempt to identify each other while infiltrating an Irish gang in South Boston.,1153546928620298836732028791459830380
20250307,Whiplash,8.5,2014,Drama,1:46,Damien Chazelle,"Miles Teller, J.K. Simmons, Melissa Benoist",A promising young drummer enrolls at a cut-throat music conservatory where his dreams of greatness are mentored by an instructor who will stop at nothing to realize a student's potential.,348486385943809248891849966058806647
20250307,Harakiri,8.6,1962,Drama,2:13,Masaki Kobayashi,"Tatsuya Nakadai, Akira Ishihama, Shima Iwashita","When a ronin requesting seppuku at a feudal lord's palace is told of the brutal suicide of another ronin who previously visited, he reveals how their pasts are intertwined - and in doing so challenges the clan's integrity.",903295833711339892706456096906204183
20250307,American History X,8.5,1998,Crime,1:59,Tony Kaye,"Edward Norton, Edward Furlong, Beverly D'Angelo","Living a life marked by violence, neo-Nazi Derek finally goes to prison after killing two black youths. Upon his release, Derek vows to change; he hopes to prevent his brother, Danny, who idolizes Derek, from following in his footsteps.",58276054037539049066862263114499449
20250307,The Prestige,8.5,2006,Drama,2:10,Christopher Nolan,"Christian Bale, Hugh Jackman, Scarlett Johansson",Rival 19th-century magicians engage in a bitter battle for trade secrets.,1191714789889710341249232474901560051
20250307,Leon,8.5,1994,Action,1:50,Luc Besson,"Jean Reno, Gary Oldman, Natalie Portman","12-year-old Mathilda is reluctantly taken in by Léon, a professional assassin, after her family is murdered. An unusual relationship forms as she becomes his protégée and learns the assassin's trade.",684264279123858791869770282042776085
20250307,Spider-Man: Across the Spider-Verse,8.5,2023,Animation,2:20,Joaquim Dos Santos,"Shameik Moore, Hailee Steinfeld, Brian Tyree Henry","Traveling across the multiverse, Miles Morales meets a new team of Spider-People, made up of heroes from different dimensions. But when the heroes clash over how to deal with a new threat, Miles finds himself at a crossroads.",429685323630650268649512830774001729
20250307,Casablanca,8.5,1942,Drama,1:42,Michael Curtiz,"Humphrey Bogart, Ingrid Bergman, Paul Henreid",A cynical expatriate American cafe owner struggles to decide whether or not to help his former lover and her fugitive husband escape the Nazis in French Morocco.,910491503848164169791145470158718885
20250307,The Usual Suspects,8.5,1995,Crime,1:46,Bryan Singer,"Kevin Spacey, Gabriel Byrne, Chazz Palminteri",The sole survivor of a pier shoot-out tells the story of how a notorious criminal influenced the events that began with five criminals meeting in a seemingly random police lineup.,700871718753370266902007358793775105
20250307,Untouchable,8.5,2011,Comedy,1:52,Olivier Nakache,"François Cluzet, Omar Sy, Anne Le Ny","After he becomes a quadriplegic from a paragliding accident, an aristocrat hires a young man from the projects to be his caregiver.",1176608762975645126153397343383290120
20250307,Cinema Paradiso,8.5,1988,Drama,2:54,Giuseppe Tornatore,"Philippe Noiret, Enzo Cannavale, Antonella Attili","Salvatore, a famous film director, returns to his hometown for the funeral of the local theater's film projectionist, Alfredo. He reminisces about his life as a young boy falling in love with cinema.",848021456673386781955078861167725720
20250307,Modern Times,8.5,1936,Comedy,1:27,Charles Chaplin,"Charles Chaplin, Paulette Goddard, Henry Bergman",The Tramp struggles to live in modern industrial society with the help of a young homeless woman.,529862465321433890974884602505452230
20250307,Alien,8.5,1979,Horror,1:57,Ridley Scott,"Sigourney Weaver, Tom Skerritt, John Hurt","After investigating a mysterious transmission of unknown origin, the crew of a commercial spacecraft encounters a deadly lifeform.",693842297860416783022053681258147792
20250307,Rear Window,8.5,1954,Drama,1:52,Alfred Hitchcock,"James Stewart, Grace Kelly, Wendell Corey",A bored photographer recovering from a broken leg passes the time by watching his neighbors and begins to suspect one of them of murder.,1322368079076414168260536658558756512
20250307,Once Upon a Time in the West,8.5,1968,Drama,2:46,Sergio Leone,"Henry Fonda, Charles Bronson, Claudia Cardinale",A mysterious stranger with a harmonica joins forces with a notorious desperado to protect a beautiful widow from a ruthless assassin working for the railroad.,948193705373323070353582860448481145
20250307,Django Unchained,8.5,2012,Comedy,2:45,Quentin Tarantino,"Jamie Foxx, Christoph Waltz, Leonardo Di, Caprio","With the help of a German bounty-hunter, a freed slave sets out to rescue his wife from a brutal plantation owner in Mississippi.",31873094232400791739957193473153792
20250307,City Lights,8.5,1931,Comedy,1:27,Charles Chaplin,"Charles Chaplin, Virginia Cherrill, Florence Lee","With the aid of a wealthy erratic tippler, a dewy-eyed tramp who has fallen in love with a sightless flower girl accumulates money to be able to help her medically.",1048235870805531307402809832460581851
20250307,Apocalypse Now,8.4,1979,Drama,2:27,Francis Ford Coppola,"Martin Sheen, Marlon Brando, Robert Duvall",A U.S. Army officer serving in Vietnam is tasked with assassinating a renegade Special Forces Colonel who sees himself as a god.,315105758651109742511897761732747278
20250307,Dune: Part Two,8.5,2024,Action,2:46,Denis Villeneuve,"Timothée Chalamet, Zendaya, Rebecca Ferguson","Paul Atreides unites with the Fremen while on a warpath of revenge against the conspirators who destroyed his family. Facing a choice between the love of his life and the fate of the universe, he endeavors to prevent a terrible future.",163322882185303930006809123370768456
20250307,Memento,8.4,2000,Mystery,1:53,Christopher Nolan,"Guy Pearce, Carrie-Anne Moss, Joe Pantoliano","Leonard Shelby, an insurance investigator, suffers from anterograde amnesia and uses notes and tattoos to hunt for the man he thinks killed his wife, which is the last thing he remembers.",316590672664079480918671081619687224
20250307,WALL·E,8.4,2008,Animation,1:38,Andrew Stanton,"Ben Burtt, Elissa Knight, Jeff Garlin","A robot who is responsible for cleaning a waste-covered Earth meets another robot and falls in love with her. Together, they set out on a journey that will alter the fate of mankind.",413923480264562217775856035021239373
20250307,Raiders of the Lost Ark,8.4,1981,Action,1:55,Steven Spielberg,"Harrison Ford, Karen Allen, Paul Freeman","In 1936, archaeologists and adventurers of the U.S. government hired Indiana Jones to find the Ark of the Covenant before the Nazis could obtain its extraordinary powers.",427558293642680305919567837368105292
20250307,The Lives of Others,8.4,2006,Drama,2:17,Florian Henckel von Donnersmarck,"Ulrich Mühe, Martina Gedeck, Sebastian Koch","In 1984 East Berlin, an agent of the secret police conducting surveillance on a writer and his lover finds himself becoming increasingly absorbed by their lives.",594344009518224315570107452394094562
20250307,Avengers: Infinity War,8.4,2018,Action,2:29,Anthony Russo,"Robert Downey Jr.Chris Hemsworth, Mark Ruffalo",The Avengers and their allies must be willing to sacrifice all in an attempt to defeat the powerful Thanos before his blitz of devastation and ruin puts an end to the universe.,286319657128392199020137177735018955
20250307,Sunset Blvd.,8.4,1950,Drama,1:50,Billy Wilder,"William Holden, Gloria Swanson, Erich von Stroheim",A screenwriter develops a dangerous relationship with a faded film star determined to make a triumphant return.,486393410196397537389089794942573029
20250307,Spider-Man: Into the Spider-Verse,8.4,2018,Animation,1:57,Bob Persichetti,"Shameik Moore, Jake Johnson, Hailee Steinfeld",Teen Miles Morales becomes the Spider-Man of his universe and must join with five spider-powered individuals from other dimensions to stop a threat for all realities.,730060378564482403357301911169586686
20250307,Paths of Glory,8.4,1957,Drama,1:28,Stanley Kubrick,"Kirk Douglas, Ralph Meeker, Adolphe Menjou",A colonel defends three of his soldiers in a court-martial after they abandon a suicidal attack.,315487031703662697426920745948790310
20250307,Witness for the Prosecution,8.4,1957,Crime,1:56,Billy Wilder,"Tyrone Power, Marlene Dietrich, Charles Laughton",A veteran British barrister must defend his client in a murder trial that has surprise after surprise.,776476434906165192454077083600883821
20250307,The Shining,8.4,1980,Drama,2:26,Stanley Kubrick,"Jack Nicholson, Shelley Duvall, Danny Lloyd","A family heads to an isolated hotel for the winter, where a sinister presence influences the father into violence. At the same time, his psychic son sees horrifying forebodings from both the past and the future.",633471357640885927230153546345616460
20250307,The Great Dictator,8.4,1940,Comedy,2:05,Charles Chaplin,"Charles Chaplin, Paulette Goddard, Jack Oakie",Dictator Adenoid Hynkel tries to expand his empire while a poor Jewish barber tries to avoid persecution from Hynkel's regime.,96079639707676652342283612882823526
20250307,12th Fail,8.8,2023,Biography,2:27,Vidhu Vinod Chopra,"Vikrant Massey, Medha Shankr, Anant Joshi",The real-life story of IPS Officer Manoj Kumar Sharma and IRS Officer Shraddha Joshi.,679974724323558515205829433087242562
20250307,Aliens,8.4,1986,Action,2:17,James Cameron,"Sigourney Weaver, Michael Biehn, Carrie Henn","Decades after surviving the Nostromo incident, Ellen Ripley is sent out to re-establish contact with a terraforming colony but finds herself battling the Alien Queen and her offspring.",371126549943544825828107376409204666
20250307,Inglourious Basterds,8.4,2009,Adventure,2:33,Quentin Tarantino,"Brad Pitt, Diane Kruger, Eli Roth","In Nazi-occupied France during World War II, a plan to assassinate Nazi leaders by a group of Jewish U.S. soldiers coincides with a theatre owner's vengeful plans for the same.",1248037299696602751879653693337961390
20250307,The Dark Knight Rises,8.4,2012,Action,2:44,Christopher Nolan,"Christian Bale, Tom Hardy, Anne Hathaway","Bane, an imposing terrorist, attacks Gotham City and disrupts its eight-year-long period of peace. This forces Bruce Wayne to come out of hiding and don the cape and cowl of Batman again.",410261662281457832888896289247451676
20250307,Coco,8.4,2017,Animation,1:45,Lee Unkrich,"Anthony Gonzalez, Gael García Bernal, Benjamin Bratt","Aspiring musician Miguel, confronted with his family's ancestral ban on music, enters the Land of the Dead to find his great-great-grandfather, a legendary singer.",370537365415565602423039854669428419
20250307,Amadeus,8.4,1984,Biography,2:40,Milos Forman,"F. Murray Abraham, Tom Hulce, Elizabeth Berridge","The life, success and troubles of Wolfgang Amadeus Mozart, as told by Antonio Salieri, the contemporaneous composer who was deeply jealous of Mozart's talent and claimed to have murdered him.",379261161876866545735136358645488218
20250307,Toy Story,8.3,1995,Animation,1:21,John Lasseter,"Tom Hanks, Tim Allen, Don Rickles",A cowboy doll is profoundly threatened and jealous when a new spaceman action figure supplants him as top toy in a boy's bedroom.,1175082879799906413344263281642189484
20250307,Avengers: Endgame,8.4,2019,Action,3:01,Anthony Russo,"Robert Downey Jr.Chris Evans, Mark Ruffalo","After the devastating events of Avengers: Infinity War (2018), the universe is in ruins. With the help of remaining allies, the Avengers assemble once more in order to reverse Thanos' actions and restore balance to the universe.",1072135412782834699677343129358727005
20250307,Oldboy,8.3,2003,Action,2:00,Park Chan-wook,"Choi Min-sik, Yoo Ji-tae, Kang Hye-jeong","After being kidnapped and imprisoned for fifteen years, Oh Dae-Su is released, only to find that he must track down his captor in five days.",659483382620659508557087200829913732
20250307,Good Will Hunting,8.3,1997,Drama,2:06,Gus Van Sant,"Robin Williams, Matt Damon, Ben Affleck","Will Hunting, a janitor at MIT, has a gift for mathematics, but needs help from a psychologist to find direction in his life.",906715991390574115841800554179086714
20250307,Dr. Strangelove or: How I Learned to Stop Worrying and Love the Bomb,8.3,1964,Comedy,1:35,Stanley Kubrick,"Peter Sellers, George C. Scott, Sterling Hayden","A mentally unstable American general orders a hydrogen bomb attack on the Soviet Union, triggering a path to global nuclear holocaust that a war room full of politicians and generals frantically tries to stop.",151672010627164638064444315817345580
20250307,American Beauty,8.3,1999,Drama,2:02,Sam Mendes,"Kevin Spacey, Annette Bening, Thora Birch",A sexually frustrated suburban father has a mid-life crisis after becoming infatuated with his daughter's best friend.,78918287277139432425908904847879256
20250307,Das Boot,8.4,1981,Drama,2:29,Wolfgang Petersen,"Jürgen Prochnow, Herbert Grönemeyer, Klaus Wennemann",A German U-boat stalks the frigid waters of the North Atlantic as its young crew experience the sheer terror and claustrophobic life of a submariner in World War II.,559126281901681326228532256718640925
20250307,Braveheart,8.3,1995,Biography,2:58,Mel Gibson,"Mel Gibson, Sophie Marceau, Patrick Mc, Goohan",Scottish warrior William Wallace leads his countrymen in a rebellion to free his homeland from the tyranny of King Edward I of England.,1020992878110158962953283913446589358
20250307,Princess Mononoke,8.3,1997,Animation,2:13,Hayao Miyazaki,"Yôji Matsuda, Yuriko Ishida, Yûko Tanaka","On a journey to find the cure for a Tatarigami's curse, Ashitaka finds himself in the middle of a war between the forest gods and Tatara, a mining colony. In this quest he also meets San, the Mononoke Hime.",1304477208649442051233383362193027782
20250307,Your Name.,8.4,2016,Animation,1:46,Makoto Shinkai,"Ryûnosuke Kamiki, Mone Kamishiraishi, Ryo Narita","Two teenagers share a profound, magical connection upon discovering they are swapping bodies. Things manage to become even more complicated when the boy and girl decide to meet in person.",185182586388272768771399146913985018
20250307,High and Low,8.4,1963,Crime,2:23,Akira Kurosawa,"Toshirô Mifune, Yutaka Sada, Tatsuya Nakadai",An executive of a Yokohama shoe company becomes a victim of extortion when his chauffeur's son is kidnapped by mistake and held for ransom.,690551336999476362398995616498025480
20250307,3 Idiots,8.4,2009,Comedy,2:50,Rajkumar Hirani,"Aamir Khan, Madhavan, Mona Singh","Two friends are searching for their long lost companion. They revisit their college days and recall the memories of their friend who inspired them to think differently, even as the rest of the world called them ""idiots"".",468195841394690259019254711981469486
20250307,Joker,8.3,2019,Crime,2:02,Todd Phillips,"Joaquin Phoenix, Robert De Niro, Zazie Beetz","Arthur Fleck, a party clown and a failed stand-up comedian, leads an impoverished life with his ailing mother. However, when society shuns him and brands him as a freak, he decides to embrace the life of chaos in Gotham City.",1132732394529594349682035799602340912
20250307,Once Upon a Time in America,8.3,1984,Crime,3:49,Sergio Leone,"Robert De Niro, James Woods, Elizabeth Mc, Govern","A former Prohibition-era Jewish gangster returns to the Lower East Side of Manhattan 35 years later, where he must once again confront the ghosts and regrets of his old life.",1290728692029533093295229362808603733
20250307,Capernaum,8.4,2018,Drama,2:06,Nadine Labaki,"Zain Al Rafeea, Yordanos Shiferaw, Boluwatife Treasure Bankole","While serving a five-year sentence for a violent crime, a 12-year-old boy sues his parents for neglect.",759341432916494296887819161740272149
20250307,Singin' in the Rain,8.3,1952,Comedy,1:43,Stanley Donen,"Gene Kelly, Donald O'Connor, Debbie Reynolds",A silent film star falls for a chorus girl just as he and his delusionally jealous screen partner are trying to make the difficult transition to talking pictures in 1920s Hollywood.,908424857392476989200624429456340377
20250307,Come and See,8.3,1985,Drama,2:22,Elem Klimov,"Aleksey Kravchenko, Olga Mironova, Liubomiras Laucevicius","After finding an old rifle, a young boy joins the Soviet resistance movement against ruthless German forces and experiences the horrors of World War II.",1100487147565634341927999265642618756
20250307,Requiem for a Dream,8.3,2000,Drama,1:42,Darren Aronofsky,"Ellen Burstyn, Jared Leto, Jennifer Connelly",The drug-induced utopias of four Coney Island people are shattered when their addictions run deep.,169549519432548752939054690388658248
20250307,Toy Story 3,8.3,2010,Animation,1:43,Lee Unkrich,"Tom Hanks, Tim Allen, Joan Cusack","The toys are mistakenly delivered to a day-care center instead of the attic right before Andy leaves for college, and it's up to Woody to convince the other toys that they weren't abandoned and to return home.",1012062813220743258605477798322081923
20250307,Star Wars: Episode VI - Return of the Jedi,8.3,1983,Action,2:11,Richard Marquand,"Mark Hamill, Harrison Ford, Carrie Fisher","After rescuing Han Solo from Jabba the Hutt, the Rebel Alliance attempts to destroy the second Death Star while Luke struggles to help Darth Vader back from the dark side.",525997378338341566497457530623310044
20250307,The Hunt,8.3,2012,Drama,1:55,Thomas Vinterberg,"Mads Mikkelsen, Thomas Bo Larsen, Annika Wedderkopp","A teacher lives a lonely life, all the while struggling over his son's custody. His life slowly gets better as he finds love and receives good news from his son, but his new luck is about to be brutally shattered by an innocent little lie.",1201343870046846129670117746613693361
20250307,Eternal Sunshine of the Spotless Mind,8.3,2004,Drama,1:48,Michel Gondry,"Jim Carrey, Kate Winslet, Tom Wilkinson","When their relationship turns sour, a couple undergoes a medical procedure to have each other erased from their memories forever.",1042664034429797578715411110560947704
20250307,Ikiru,8.3,1952,Drama,2:23,Akira Kurosawa,"Takashi Shimura, Nobuo Kaneko, Shin'ichi Himori",A bureaucrat tries to find meaning in his life after he discovers he has terminal cancer.,1103464029172801513316694959051214277
20250307,2001: A Space Odyssey,8.3,1968,Adventure,2:29,Stanley Kubrick,"Keir Dullea, Gary Lockwood, William Sylvester","When a mysterious artifact is uncovered on the Moon, a spacecraft manned by two humans and one supercomputer is sent to Jupiter to find its origins.",637316614029520134342598378597186081
20250307,Reservoir Dogs,8.3,1992,Crime,1:39,Quentin Tarantino,"Harvey Keitel, Tim Roth, Michael Madsen","When a simple jewelry heist goes horribly wrong, the surviving criminals begin to suspect that one of them is a police informant.",995279960434274309771993081365737892
20250307,The Apartment,8.3,1960,Comedy,2:05,Billy Wilder,"Jack Lemmon, Shirley Mac, Laine, Fred Mac, Murray","A Manhattan insurance clerk tries to rise in his company by letting its executives use his apartment for trysts, but office politics and his own romantic hopes complicate matters.",272844683128247806423842031305780175
20250307,Incendies,8.3,2010,Drama,2:11,Denis Villeneuve,"Lubna Azabal, Mélissa Désormeaux-Poulin, Maxim Gaudette",Twins journey to the Middle East to discover their family history and fulfill their mother's last wishes.,3878752106720497785969250297069697
20250307,Lawrence of Arabia,8.3,1962,Adventure,3:47,David Lean,"Peter O'Toole, Alec Guinness, Anthony Quinn","The story of T.E. Lawrence, the English officer who successfully united and led the diverse, often warring, Arab tribes during World War I in order to fight the Turks.",168589399022230709787694011980701653
20250307,Scarface,8.3,1983,Crime,2:50,Brian De Palma,"Al Pacino, Michelle Pfeiffer, Steven Bauer","In the 1980s, a determined criminal-minded Cuban immigrant becomes the biggest drug smuggler in Miami, and is eventually undone by his own drug addiction.",604899915875816939391222615973556432
20250307,Double Indemnity,8.3,1944,Crime,1:47,Billy Wilder,"Fred Mac, Murray, Barbara Stanwyck, Edward G. Robinson","An insurance representative is seduced by a dissatisfied housewife into a scheme of insurance fraud and murder that arouses the suspicion of his colleague, a claims investigator.",1176954713222946943051109972458674952
20250307,North by Northwest,8.3,1959,Adventure,2:16,Alfred Hitchcock,"Cary Grant, Eva Marie Saint, James Mason","A New York City advertising executive goes on the run after being mistaken for a government agent by a group of foreign spies, and falls for a woman whose loyalties he begins to doubt.",384496071286813424692175859740345437
20250307,Heat,8.3,1995,Action,2:50,Michael Mann,"Al Pacino, Robert De Niro, Val Kilmer",A group of high-end professional thieves start to feel the heat from the LAPD when they unknowingly leave a verbal clue at their latest heist.,698579235229388734047247288383775799
20250307,Citizen Kane,8.3,1941,Drama,1:59,Orson Welles,"Orson Welles, Joseph Cotten, Dorothy Comingore","Following the death of publishing tycoon Charles Foster Kane, reporters scramble to uncover the meaning of his final utterance: 'Rosebud.'",219475914369481584338694618205830100
20250307,Up,8.3,2009,Animation,1:36,Pete Docter,"Edward Asner, Jordan Nagai, John Ratzenberger","78-year-old Carl Fredricksen travels to South America in his house equipped with balloons, inadvertently taking a young stowaway.",241710423554084454067307043111212369
20250307,M,8.3,1931,Crime,1:57,Fritz Lang,"Peter Lorre, Ellen Widmann, Inge Landgut","When the police in a German city are unable to catch a child-murderer, other criminals join in the manhunt.",1292268672620445601008776096076656140
20250307,Full Metal Jacket,8.2,1987,Drama,1:56,Stanley Kubrick,"Matthew Modine, R. Lee Ermey, Vincent D'Onofrio",A pragmatic U.S. Marine observes the dehumanizing effects the Vietnam War has on his fellow recruits from their brutal boot camp training to the bloody street fighting in Hue.,258700718645858596652157950857647536
20250307,Vertigo,8.3,1958,Mystery,2:08,Alfred Hitchcock,"James Stewart, Kim Novak, Barbara Bel Geddes","A former San Francisco police detective juggles wrestling with his personal demons and becoming obsessed with the hauntingly beautiful woman he has been hired to trail, who may be deeply disturbed.",582309299400604297634622812682955446
20250307,Amélie,8.3,2001,Comedy,2:02,Jean-Pierre Jeunet,"Audrey Tautou, Mathieu Kassovitz, Rufus","Despite being caught in her imaginative world, young waitress Amelie decides to help people find happiness. Her quest to spread joy leads her on a journey during which she finds true love.",1247095709292929696140426036133093992
20250307,A Clockwork Orange,8.2,1971,Crime,2:16,Stanley Kubrick,"Malcolm Mc, Dowell, Patrick Magee, Michael Bates",Alex DeLarge and his droogs barbarize a decaying near-future.,1120429683288907870900938549224914445
20250307,A Separation,8.3,2011,Drama,2:03,Asghar Farhadi,"Payman Maadi, Leila Hatami, Sareh Bayat",A married couple are faced with a difficult decision - to improve the life of their child by moving to another country or to stay in Iran and look after a deteriorating parent who has Alzheimer's disease.,38070366629255523756241184233657832
20250307,To Kill a Mockingbird,8.3,1962,Crime,2:09,Robert Mulligan,"Gregory Peck, John Megna, Frank Overton",A widowed lawyer in Depression-era Alabama defends a black man against a false rape charge while teaching his young children about the sad reality of prejudice.,127198009069915539347230661054423073
20250307,Oppenheimer,8.3,2023,Biography,3:00,Christopher Nolan,"Cillian Murphy, Emily Blunt, Matt Damon","A dramatization of the life story of J. Robert Oppenheimer, the physicist who had a large hand in the development of the atomic bombs that brought an end to World War II.",1313491449153681439486262963823072088
20250307,Die Hard,8.2,1988,Action,2:12,John McTiernan,"Bruce Willis, Alan Rickman, Bonnie Bedelia",A New York City police officer tries to save his estranged wife and several others taken hostage by terrorists during a Christmas party at the Nakatomi Plaza in Los Angeles.,331566852206791856689956006801921828
20250307,The Sting,8.3,1973,Comedy,2:09,George Roy Hill,"Paul Newman, Robert Redford, Robert Shaw",Two grifters team up to pull off the ultimate con.,1291305719297176995859229209217587634
20250307,Like Stars on Earth,8.3,2007,Drama,2:42,Aamir Khan,"Darsheel Safary, Aamir Khan, Tisca Chopra",A young boy is thought to be nothing but a lazy troublemaker until the new art teacher has the patience and compassion to discover the real problem behind his struggles in school.,1022835543959208989386355180136335487
20250307,Indiana Jones and the Last Crusade,8.2,1989,Action,2:07,Steven Spielberg,"Harrison Ford, Sean Connery, Alison Doody","In 1938, after his father goes missing while pursuing the Holy Grail, Indiana Jones finds himself up against the Nazis again to stop them from obtaining its powers.",508003220074388372726213716334267984
20250307,Metropolis,8.3,1927,Drama,2:33,Fritz Lang,"Brigitte Helm, Alfred Abel, Gustav Fröhlich","In a futuristic city sharply divided between the working class and the city planners, the son of the city's mastermind falls in love with a working-class prophet who predicts the coming of a savior to mediate their differences.",197501834799146161611462850635315735
20250307,Snatch,8.2,2000,Comedy,1:44,Guy Ritchie,"Jason Statham, Brad Pitt, Stephen Graham","Unscrupulous boxing promoters, violent bookmakers, a Russian gangster, incompetent amateur robbers and supposedly Jewish jewelers fight to track down a priceless stolen diamond.",447897664627622590087187987631010928
20250307,1917,8.2,2019,Action,1:59,Sam Mendes,"Dean-Charles Chapman, George Mac, Kay, Daniel Mays","April 6th, 1917. As an infantry battalion assembles to wage war deep in enemy territory, two soldiers are assigned to race against time and deliver a message that will stop 1,600 men from walking straight into a deadly trap.",955528819572232883780282285112812893
20250307,L.A. Confidential,8.2,1997,Crime,2:18,Curtis Hanson,"Kevin Spacey, Russell Crowe, Guy Pearce","As corruption grows in 1950s Los Angeles, three policemen - one strait-laced, one brutal, and one sleazy - investigate a series of murders with their own brand of justice.",775805726769107418588276318670339701
20250307,Bicycle Thieves,8.2,1948,Drama,1:29,Vittorio De Sica,"Lamberto Maggiorani, Enzo Staiola, Lianella Carell","In post-war Italy, a working-class man's bicycle is stolen, endangering his efforts to find work. He and his son set out to find it.",1178101445136652596309085940343940082
20250307,Downfall,8.2,2004,Biography,2:36,Oliver Hirschbiegel,"Bruno Ganz, Alexandra Maria Lara, Ulrich Matthes","Traudl Junge, the final secretary for Adolf Hitler, tells of the Nazi dictator's final days in his Berlin bunker at the end of WWII.",43997438854766477518070243576980737
20250307,Dangal,8.3,2016,Action,2:41,Nitesh Tiwari,"Aamir Khan, Sakshi Tanwar, Fatima Sana Shaikh","Mahavir Singh Phogat, a former wrestler, decides to fulfill his dream of winning a gold medal for his country by training his daughters for the Commonwealth Games despite the existing social stigmas.",281230931467404907913443021133938732
20250307,Taxi Driver,8.2,1976,Crime,1:54,Martin Scorsese,"Robert De Niro, Jodie Foster, Cybill Shepherd","A mentally unstable veteran works as a nighttime taxi driver in New York City, where the perceived decadence and sleaze fuels his urge for violent action.",12496688267152484731237824483142716
20250307,Hamilton,8.3,2020,Biography,2:40,Thomas Kail,"Lin-Manuel Miranda, Phillipa Soo, Leslie Odom Jr.","The real life of one of America's foremost founding fathers and first Secretary of the Treasury, Alexander Hamilton. Captured live on Broadway from the Richard Rodgers Theater with the original Broadway cast.",967749560247865331705021942519286430
20250307,The Wolf of Wall Street,8.2,2013,Biography,3:00,Martin Scorsese,"Leonardo Di, Caprio, Jonah Hill, Margot Robbie","Based on the true story of Jordan Belfort, from his rise to a wealthy stock-broker living the high life to his fall involving crime, corruption and the federal government.",189528193835322854341843063537672583
20250307,Batman Begins,8.2,2005,Action,2:20,Christopher Nolan,"Christian Bale, Michael Caine, Ken Watanabe","After witnessing his parents' death, billionaire Bruce Wayne learns the art of fighting to confront injustice. When he returns to Gotham as Batman, he must stop a secret society that intends to destroy the city.",1032985787568710084576182427253707496
20250307,Green Book,8.2,2018,Biography,2:10,Peter Farrelly,"Viggo Mortensen, Mahershala Ali, Linda Cardellini",A working-class Italian-American bouncer becomes the driver for an African-American classical pianist on a tour of venues through the 1960s American South.,916053732476316090023621431215945894
20250307,For a Few Dollars More,8.2,1965,Drama,2:12,Sergio Leone,"Clint Eastwood, Lee Van Cleef, Gian Maria Volontè",Two bounty killers with similar intentions but different motivations team up to track down a psychotic Mexican outlaw before he and his gang can carry out an audacious bank robbery.,1015677758795775024451940110604603548
20250307,Some Like It Hot,8.2,1959,Comedy,2:01,Billy Wilder,"Marilyn Monroe, Tony Curtis, Jack Lemmon","After two male musicians witness a mob hit, they flee the state in an all-female band disguised as women, but further complications set in.",701304594855488341274464292969653912
20250307,Judgment at Nuremberg,8.3,1961,Drama,2:59,Stanley Kramer,"Spencer Tracy, Burt Lancaster, Richard Widmark","Fictionalized depiction of the 1947 Judges' Trial, the third of twelve trials of Nazi war criminals conducted by the American occupying forces in Nuremberg, Germany, in which former judges of Nazi Germany were tried for their actions.",635728377069362950154448979364088388
20250307,The Truman Show,8.2,1998,Comedy,1:43,Peter Weir,"Jim Carrey, Ed Harris, Laura Linney",An insurance salesman begins to suspect that his whole life is actually some sort of reality TV show.,1025655322799337216220429329882380945
20250307,I'm Still Here,8.6,2024,Biography,2:17,Walter Salles,"Fernanda Torres, Fernanda Montenegro, Selton Mello","A mother is forced to reinvent herself when her family's life is shattered by an act of arbitrary violence during the tightening grip of a military dictatorship in Brazil, 1971.",1030832714821657703945915488993066741
20250307,The Kid,8.2,1921,Comedy,1:08,Charles Chaplin,"Charles Chaplin, Edna Purviance, Jackie Coogan","The Tramp cares for an abandoned child, but events put their relationship in jeopardy.",250837118575185015194811554431474083
20250307,Shutter Island,8.2,2010,Drama,2:18,Martin Scorsese,"Leonardo Di, Caprio, Emily Mortimer, Mark Ruffalo",Two US marshals are sent to a mental institution on an inhospitable island in order to investigate the disappearance of a patient.,1138526253394099161829683174135194753
20250307,The Father,8.2,2020,Drama,1:37,Florian Zeller,"Anthony Hopkins, Olivia Colman, Mark Gatiss","A man refuses all assistance from his daughter as he ages. When he tries to understand what is happening around him, he begins to doubt his loved ones, his own mind and even the fabric of his reality.",581905273378147535153272801225988246
20250307,All About Eve,8.2,1950,Drama,2:18,Joseph L. Mankiewicz,"Bette Davis, Anne Baxter, George Sanders",A seemingly timid but secretly ruthless ingénue insinuates herself into the lives of an aging Broadway star and her circle of theater friends.,311738458476029103604328585410743274
20250307,There Will Be Blood,8.2,2007,Drama,2:38,Paul Thomas Anderson,"Daniel Day-Lewis, Paul Dano, Ciarán Hinds","A story of family, religion, hatred, oil and madness, focusing on a turn-of-the-century prospector in the early days of the business.",86484713197473585126907996591424814
20250307,Jurassic Park,8.2,1993,Action,2:07,Steven Spielberg,"Sam Neill, Laura Dern, Jeff Goldblum","An industrialist invites some experts to visit his theme park of cloned dinosaurs. After a power failure, the creatures run loose, putting everyone's lives, including his grandchildren's, in danger.",1009303618573072021300559092182558472
20250307,Casino,8.2,1995,Crime,2:58,Martin Scorsese,"Robert De Niro, Sharon Stone, Joe Pesci","In Las Vegas, two best friends--a casino executive and a Mafia enforcer--compete for a gambling empire and a fast-living, fast-loving socialite.",1184117740773044285808535976316717664
20250307,The Sixth Sense,8.2,1999,Drama,1:47,M. Night Shyamalan,"Bruce Willis, Haley Joel Osment, Toni Collette","After being shot by a resentful former patient whom he failed to help, a Philadelphia child psychologist seeks redemption by treating a young boy with a disturbing secret.",874580252363297380742813968065547159
20250307,Ran,8.2,1985,Action,2:40,Akira Kurosawa,"Tatsuya Nakadai, Akira Terao, Jinpachi Nezu","In Medieval Japan, an elderly warlord retires, handing over his empire to his three sons. However, he vastly underestimates how the new-found power will corrupt them and cause them to turn on each other...and him.",630617586175805049410968170800208373
20250307,Top Gun: Maverick,8.2,2022,Action,2:10,Joseph Kosinski,"Tom Cruise, Jennifer Connelly, Miles Teller","The story involves Maverick confronting his past while training a group of younger Top Gun graduates, including the son of his deceased best friend, for a dangerous mission.",133747085801034418301134803258583260
20250307,No Country for Old Men,8.2,2007,Crime,2:02,Ethan Coen,"Tommy Lee Jones, Javier Bardem, Josh Brolin",Violence and mayhem ensue after a hunter stumbles upon the aftermath of a drug deal gone wrong and over two million dollars in cash near the Rio Grande.,410851875125382629837702647168412778
20250307,The Thing,8.2,1982,Horror,1:49,John Carpenter,"Kurt Russell, Wilford Brimley, Keith David",A research team in Antarctica is hunted by a shape-shifting alien that assumes the appearance of its victims.,1136292572952570838621592121128447135
20250307,Pan's Labyrinth,8.2,2006,Drama,1:58,Guillermo del Toro,"Ivana Baquero, Ariadna Gil, Sergi López","In 1944 Spain, a girl is sent to live with her ruthless stepfather. During the night, she meets a fairy who takes her to an old faun. He tells her she's a princess, but must prove her royalty by surviving three gruesome tasks.",917574458980814912707453832630256891
20250307,Unforgiven,8.2,1992,Drama,2:10,Clint Eastwood,"Clint Eastwood, Gene Hackman, Morgan Freeman",Retired Old West gunslinger Will Munny reluctantly takes on one last job to avenge an injustice with the help of his old partner and a newer outlaw known simply as The Schofield Kid.,279345188540408340458907800743924729
20250307,A Beautiful Mind,8.2,2001,Biography,2:15,Ron Howard,"Russell Crowe, Ed Harris, Jennifer Connelly","A mathematical genius, John Nash made an astonishing discovery early in his career and stood on the brink of international acclaim. But the handsome and arrogant Nash soon found himself on a harrowing journey of self-discovery.",205783081751111292040650500907011052
20250307,Kill Bill: Vol. 1,8.2,2003,Action,1:51,Quentin Tarantino,"Uma Thurman, David Carradine, Daryl Hannah","After waking from a four-year coma, a former assassin wreaks vengeance on the team of assassins who betrayed her.",655828434084332357601237065020961115
20250307,The Treasure of the Sierra Madre,8.2,1948,Adventure,2:06,John Huston,"Humphrey Bogart, Walter Huston, Tim Holt",Two down-on-their-luck Americans searching for work in 1920s Mexico convince an old prospector to help them mine for gold in the Sierra Madre Mountains.,1111968012319331530097201408331675409
20250307,Yojimbo,8.2,1961,Action,1:50,Akira Kurosawa,"Toshirô Mifune, Eijirô Tôno, Tatsuya Nakadai",A crafty ronin comes to a town divided by two criminal gangs and decides to play them against each other to free the town.,709067340455758721089464292988997319
20250307,Prisoners,8.2,2013,Crime,2:33,Denis Villeneuve,"Hugh Jackman, Jake Gyllenhaal, Viola Davis","Keller Dover is facing every parent's worst nightmare. His six-year-old daughter, Anna, is missing, together with her friend, Joy, and as minutes turn to hours, panic sets in. The only lead is an RV that had been parked on their street.",1194198190180982441367035975871966712
20250307,Finding Nemo,8.2,2003,Animation,1:40,Andrew Stanton,"Albert Brooks, Ellen De, Generes, Alexander Gould","After his son is captured in the Great Barrier Reef and taken to Sydney, a timid clownfish sets out on a journey to bring him home.",1264233709574094317458763673172339925
20250307,The Great Escape,8.2,1963,Adventure,2:52,John Sturges,"Steve Mc, Queen, James Garner, Richard Attenborough","Allied officers in a German prisoner of war camp during World War II making a daring plan for a mass escape by hundreds of their men, hoping to draw German personnel and resources away from combat operations.",872286646306859954802010571274729123
20250307,Monty Python and the Holy Grail,8.2,1975,Adventure,1:31,Terry Gilliam,"Graham Chapman, John Cleese, Eric Idle","King Arthur and his Knights of the Round Table embark on a surreal, low-budget search for the Holy Grail, encountering many, very silly obstacles.",988940828785997125848577389441957088
20250307,Howl's Moving Castle,8.2,2004,Animation,1:59,Hayao Miyazaki,"Chieko BaishôTakuya Kimura, Tatsuya Gashûin","When an unconfident young woman is cursed with an old body by a spiteful witch, her only chance of breaking the spell lies with a self-indulgent yet insecure young wizard and his companions in his legged, walking castle.",291882279573106292798737040745668423
20250307,The Elephant Man,8.2,1980,Biography,2:04,David Lynch,"Anthony Hopkins, John Hurt, Anne Bancroft","A Victorian surgeon rescues a heavily disfigured man who is mistreated while scraping a living as a side-show freak. Behind his monstrous façade, there is revealed a person of kindness, intelligence and sophistication.",721583412035274471371410913910334641
20250307,Dial M for Murder,8.2,1954,Crime,1:45,Alfred Hitchcock,"Ray Milland, Grace Kelly, Robert Cummings","A London playboy plots the perfect murder of his rich, unfaithful Wife.",550208066346240276995012801332738843
20250307,Gone with the Wind,8.2,1939,Drama,3:58,Victor Fleming,"Clark Gable, Vivien Leigh, Thomas Mitchell",A sheltered and manipulative Southern belle and a roguish profiteer face off in a turbulent romance as the society around them crumbles with the end of slavery and is rebuilt during the Civil War and Reconstruction periods.,759177346555440794522872725328999478
20250307,Rashomon,8.2,1950,Crime,1:28,Akira Kurosawa,"Toshirô Mifune, Machiko KyôMasayuki Mori","The rape of a bride and the murder of her samurai husband are recalled from the perspectives of a bandit, the bride, the samurai's ghost and a woodcutter.",587043521169515367466745389477840262
20250307,Chinatown,8.1,1974,Drama,2:10,Roman Polanski,"Jack Nicholson, Faye Dunaway, John Huston","A private detective hired to expose an adulterer in 1930s Los Angeles finds himself caught up in a web of deceit, corruption, and murder.",61516470444212132914011682500566332
20250307,Klaus,8.2,2019,Animation,1:36,Sergio Pablos,"Jason Schwartzman, J.K. Simmons, Rashida Jones","A simple act of kindness always sparks another, even in a frozen, faraway place. When Smeerensburg's new postman, Jesper, befriends toymaker Klaus, their gifts melt an age-old feud and deliver a sleigh full of holiday traditions.",62175949158237357418802179675839727
20250307,The Secret in Their Eyes,8.2,2009,Drama,2:09,Juan José Campanella,"Ricardo Darín, Soledad Villamil, Pablo Rago",A retired legal counselor writes a novel hoping to find closure for one of his past unresolved homicide cases and for his unreciprocated love with his superior - both of which still haunt him decades later.,673917563250896643521926988973747178
20250307,"Lock, Stock and Two Smoking Barrels",8.1,1998,Comedy,1:47,Guy Ritchie,"Jason Flemyng, Dexter Fletcher, Nick Moran","When four small-time criminals lose a rigged poker game against a London kingpin, he gives them one week to settle their enormous debt.",165860910091757263042986794530168220
20250307,V for Vendetta,8.1,2005,Action,2:12,James McTeigue,"Hugo Weaving, Natalie Portman, Rupert Graves","In a future British dystopian society, a shadowy freedom fighter, known only by the alias of ""V"", plots to overthrow the tyrannical government - with the help of a young woman.",1213925687636757036807364982791376884
20250307,Inside Out,8.1,2015,Animation,1:35,Pete Docter,"Amy Poehler, Bill Hader, Lewis Black","After young Riley is uprooted from her Midwest life and moved to San Francisco, her emotions - Joy, Fear, Anger, Disgust and Sadness - conflict on how best to navigate a new city, house, and school.",559995311109789869033707074785727076
20250307,The Wild Robot,8.2,2024,Animation,1:42,Chris Sanders,"Lupita Nyong'o, Pedro Pascal, Kit Connor","After a shipwreck, an intelligent robot called Roz is stranded on an uninhabited island. To survive the harsh environment, Roz bonds with the island's animals and cares for an orphaned baby goose.",417879618846252794450420451652699684
20250307,"Three Billboards Outside Ebbing, Missouri",8.1,2017,Comedy,1:55,Martin McDonagh,"Frances Mc, Dormand, Woody Harrelson, Sam Rockwell",A mother personally challenges the local authorities to solve her daughter's murder when they fail to catch the culprit.,740541560814788094246657778914623821
20250307,The Bridge on the River Kwai,8.1,1957,Adventure,2:41,David Lean,"William Holden, Alec Guinness, Jack Hawkins","British POWs are forced to build a railway bridge across the river Kwai for their Japanese captors in occupied Burma, not knowing that the allied forces are planning a daring commando raid through the jungle to destroy it.",62407531439768312957893617608558689
20250307,Trainspotting,8.1,1996,Drama,1:33,Danny Boyle,"Ewan Mc, Gregor, Ewen Bremner, Jonny Lee Miller","Renton, deeply immersed in the Edinburgh drug scene, tries to clean up and get out despite the allure of drugs and the influence of friends.",433390854842955702764810013978021862
20250307,Raging Bull,8.1,1980,Biography,2:09,Martin Scorsese,"Robert De Niro, Cathy Moriarty, Joe Pesci","The life of boxer Jake LaMotta, whose violence and temper that led him to the top in the ring destroyed his life outside of it.",1049899366303224866468179520799434517
20250307,Catch Me If You Can,8.1,2002,Biography,2:21,Steven Spielberg,"Leonardo Di, Caprio, Tom Hanks, Christopher Walken","Barely 17 yet, Frank is a skilled forger who has passed as a doctor, lawyer and pilot. FBI agent Carl becomes obsessed with tracking down the con man, who only revels in the pursuit.",479402578640472976088133980394026173
20250307,Fargo,8.1,1996,Crime,1:38,Joel Coen,"William H. Macy, Frances Mc, Dormand, Steve Buscemi",Minnesota car salesman Jerry Lundegaard's inept crime falls apart due to his and his henchmen's bungling and the persistent police work of the quite pregnant Marge Gunderson.,660916181669515852813821145414548091
20250307,Warrior,8.1,2011,Action,2:20,Gavin O'Connor,"Tom Hardy, Nick Nolte, Joel Edgerton","The youngest son of an alcoholic former boxer returns home, where he's trained by his father for competition in a mixed martial arts tournament - a path that puts the fighter on a collision course with his estranged, older brother.",134055814114878913647470880044017655
20250307,Harry Potter and the Deathly Hallows: Part 2,8.1,2011,Adventure,2:10,David Yates,"Daniel Radcliffe, Emma Watson, Rupert Grint","As the battle between the forces of good and evil in the wizarding world escalates, Harry Potter draws ever closer to his final confrontation with Voldemort.",888157523516925924473239563705693000
20250307,Gran Torino,8.1,2008,Drama,1:56,Clint Eastwood,"Clint Eastwood, Bee Vang, Christopher Carley","After a Hmong teenager tries to steal his prized 1972 Gran Torino, a disgruntled, prejudiced Korean War veteran seeks to redeem both the boy and himself.",1023473718463617285902824089719571415
20250307,Million Dollar Baby,8.1,2004,Drama,2:12,Clint Eastwood,"Hilary Swank, Clint Eastwood, Morgan Freeman","Frankie, an ill-tempered old coach, reluctantly agrees to train aspiring boxer Maggie. Impressed with her determination and talent, he helps her become the best and the two soon form a close bond.",199653881717203711128007329814956306
20250307,Spider-Man: No Way Home,8.2,2021,Action,2:28,Jon Watts,"Tom Holland, Zendaya, Benedict Cumberbatch","With Spider-Man's identity now revealed, Peter asks Doctor Strange for help. When a spell goes wrong, dangerous foes from other worlds start to appear.",366763327001024845080649550785710089
20250307,My Neighbour Totoro,8.1,1988,Animation,1:26,Hayao Miyazaki,"Hitoshi Takagi, Noriko Hidaka, Chika Sakamoto","When two girls move to the country to be near their ailing mother, they have adventures with the wondrous forest spirits who live nearby.",1193558461868887046752721381426828094
20250307,Mad Max: Fury Road,8.1,2015,Action,2:00,George Miller,"Tom Hardy, Charlize Theron, Nicholas Hoult","In a post-apocalyptic wasteland, a woman rebels against a tyrannical ruler in search for her homeland with the aid of a group of female prisoners, a psychotic worshipper and a drifter named Max.",162271331847466636149583129722090495
20250307,Ben-Hur,8.1,1959,Adventure,3:32,William Wyler,"Charlton Heston, Jack Hawkins, Stephen Boyd","A Jewish prince is betrayed and sent into slavery by a Roman friend in 1st-century Jerusalem, but it's not long before he regains his freedom and comes back for revenge.",996689328714053616983417030911805856
20250307,Children of Heaven,8.2,1997,Drama,1:29,Majid Majidi,"Reza Naji, Amir Farrokh Hashemian, Bahare Seddiqi","After a boy loses his sister's pair of shoes, he goes on a series of adventures in order to find them. When he can't, he tries a new way to ""win"" a new pair.",582978598709149243521883512573267975
20250307,Barry Lyndon,8.1,1975,Adventure,3:05,Stanley Kubrick,"Ryan O'Neal, Marisa Berenson, Patrick Magee",An Irish rogue wins the heart of a rich widow and assumes her dead husband's aristocratic position in 18th-century England.,1229106918259187153750546477487016313
20250307,12 Years a Slave,8.1,2013,Biography,2:14,Steve McQueen,"Chiwetel Ejiofor, Michael Kenneth Williams, Michael Fassbender","In the antebellum United States, Solomon Northup, a free black man from upstate New York, is abducted and sold into slavery.",1035773511257600786162727006095125451
20250307,Before Sunrise,8.1,1995,Drama,1:41,Richard Linklater,"Ethan Hawke, Julie Delpy, Andrea Eckert","A young man and woman meet on a train in Europe, and wind up spending one evening together in Vienna. Unfortunately, both know that this will probably be their only night together.",743329205114095757066458265623087028
20250307,Blade Runner,8.1,1982,Action,1:57,Ridley Scott,"Harrison Ford, Rutger Hauer, Sean Young",A blade runner must pursue and terminate four replicants who stole a ship in space and have returned to Earth to find their creator.,451013543725186240031008883751328364
20250307,Dead Poets Society,8.1,1989,Comedy,2:08,Peter Weir,"Robin Williams, Robert Sean Leonard, Ethan Hawke","Maverick teacher John Keating returns in 1959 to the prestigious New England boys' boarding school where he was once a star student, using poetry to embolden his pupils to new heights of self-expression.",342787579091223556588748156256095700
20250307,The Grand Budapest Hotel,8.1,2014,Adventure,1:39,Wes Anderson,"Ralph Fiennes, F. Murray Abraham, Mathieu Amalric","A writer encounters the owner of an aging high-class hotel, who tells him of his early years serving as a lobby boy in the hotel's glorious years under an exceptional concierge.",624625969180828432166636679482332980
20250307,Hacksaw Ridge,8.1,2016,Biography,2:19,Mel Gibson,"Andrew Garfield, Sam Worthington, Luke Bracey","World War II American Army Medic Desmond T. Doss, serving during the Battle of Okinawa, refuses to kill people and becomes the first man in American history to receive the Medal of Honor without firing a shot.",191054484991053196683242814478104600
20250307,Gone Girl,8.1,2014,Drama,2:29,David Fincher,"Ben Affleck, Rosamund Pike, Neil Patrick Harris",The husband of a missing woman becomes the chief suspect in her disappearance.,103962341898284718689034400403328329
20250307,Memories of Murder,8.1,2003,Crime,2:11,Bong Joon Ho,"Song Kang-ho, Kim Sang-kyung, Kim Roe-ha","In a small Korean province in 1986, two detectives struggle with the case of multiple young women being found raped and murdered by an unknown culprit.",233820892805539673823247749587359258
20250307,In the Name of the Father,8.1,1993,Biography,2:13,Jim Sheridan,"Daniel Day-Lewis, Pete Postlethwaite, Alison Crosbie","An Irish man's coerced confession to an I.R.A. bombing he did not commit results in the imprisonment of his father as well. Meanwhile, a British lawyer fights to clear their names and free them.",1068995559032695849363529582012020339
20250307,"Monsters, Inc.",8.1,2001,Animation,1:32,Pete Docter,"Billy Crystal, John Goodman, Mary Gibbs","In order to power the city, monsters have to scare children so that they scream. However, the children are toxic to the monsters, and after a child gets through, two monsters realize things may not be what they think.",660811852471959550591647742173841496
20250307,Ratatouille,8.1,2007,Animation,1:51,Brad Bird,"Brad Garrett, Lou Romano, Patton Oswalt",A rat who can cook makes an unusual alliance with a young kitchen worker at a famous Paris restaurant.,1241057358141085709139503524741791592
20250307,The Gold Rush,8.1,1925,Adventure,1:35,Charles Chaplin,"Charles Chaplin, Mack Swain, Tom Murray","A prospector goes to the Klondike during the 1890s gold rush in hopes of making his fortune, and is smitten with a girl he sees in a dance hall.",678389887733066590132089586236912051
20250307,Wild Tales,8.1,2014,Comedy,2:02,Damián Szifron,"Darío Grandinetti, María Marull, Mónica Villa",Six short stories that explore the extremities of human behavior involving people in distress.,258671815512317755666068438744560317
20250307,How to Train Your Dragon,8.1,2010,Animation,1:38,Dean DeBlois,"Jay Baruchel, Gerard Butler, Christopher Mintz-Plasse","A hapless young Viking who aspires to hunt dragons becomes the unlikely friend of a young dragon himself, and learns there may be more to the creatures than he assumed.",592755344680122249277913129727670679
20250307,Sherlock Jr.,8.2,1924,Action,0:45,Buster Keaton,"Buster Keaton, Kathryn Mc, Guire, Joe Keaton","A film projectionist longs to be a detective, and puts his meagre skills to work when he is framed by a rival for stealing his girlfriend's father's pocketwatch.",709947267205384422216156540359431435
20250307,Jaws,8.1,1975,Adventure,2:04,Steven Spielberg,"Roy Scheider, Robert Shaw, Richard Dreyfuss","When a massive killer shark unleashes chaos on a beach community off Long Island, it's up to a local sheriff, a marine biologist, and an old seafarer to hunt the beast down.",327730323681597269155637001190541169
20250307,The Deer Hunter,8.1,1978,Drama,3:03,Michael Cimino,"Robert De Niro, Christopher Walken, John Cazale",An in-depth examination of the ways in which the Vietnam War impacts and disrupts the lives of several friends in a small steel mill town in Pennsylvania.,956587269255687672515155940483529818
20250307,Mary and Max,8.1,2009,Animation,1:32,Adam Elliot,"Toni Collette, Philip Seymour Hoffman, Eric Bana","In 1976 Melbourne, a lonely 8-year-old girl strikes up a correspondence with an unlikely pen pal: a severely obese 44-year-old New Yorker with Asperger's syndrome.",827634795946478202643479876665713254
20250307,The General,8.1,1926,Action,1:18,Clyde Bruckman,"Buster Keaton, Marion Mack, Glen Cavender","After being rejected by the Confederate military, not realizing it was due to his crucial civilian role, an engineer must single-handedly recapture his beloved locomotive after it is seized by Union spies and return it through enemy lines.",721698499807664644154445151983590244
20250307,Le Mans '66,8.1,2019,Action,2:32,James Mangold,"Matt Damon, Christian Bale, Jon Bernthal",American car designer Carroll Shelby and driver Ken Miles battle corporate interference and the laws of physics to build a revolutionary race car for Ford in order to defeat Ferrari at the 24 Hours of Le Mans in 1966.,440867075973424963749487889473232251
20250307,The Wages of Fear,8.1,1953,Adventure,2:36,Henri-Georges Clouzot,"Yves Montand, Charles Vanel, Peter van Eyck","In a decrepit South American village, four men are hired to transport an urgent nitroglycerine shipment without the equipment that would make it safe.",430151783973059471211029370528120961
20250307,On the Waterfront,8.1,1954,Crime,1:48,Elia Kazan,"Marlon Brando, Karl Malden, Lee J. Cobb","An ex-prize fighter turned New Jersey longshoreman struggles to stand up to his corrupt union bosses, including his older brother, as he starts to connect with the grieving sister of one of the syndicate's victims.",743121976711265890199063578163518260
20250307,Mr. Smith Goes to Washington,8.1,1939,Comedy,2:09,Frank Capra,"James Stewart, Jean Arthur, Claude Rains","A naive youth leader is appointed to fill a vacancy in the U.S. Senate. His idealistic plans promptly collide with corruption at home and subterfuge from his hero in Washington, but he tries to forge ahead despite attacks on his character.",687422980411650296439439539324965608
20250307,Wild Strawberries,8.1,1957,Drama,1:32,Ingmar Bergman,"Victor Sjöström, Bibi Andersson, Ingrid Thulin","After living a life marked by coldness, an aging professor is forced to confront the emptiness of his existence.",654225523136176184487224070591952632
20250307,Logan,8.1,2017,Action,2:17,James Mangold,"Hugh Jackman, Patrick Stewart, Dafne Keen","In a future where mutants are nearly extinct, an elderly and weary Logan leads a quiet life. But when Laura, a mutant child pursued by scientists, comes to him for help, he must get her to safety.",1055097238523101940836738988153180643
20250307,The Third Man,8.1,1949,Drama,1:44,Carol Reed,"Orson Welles, Joseph Cotten, Alida Valli","Pulp novelist Holly Martins travels to shadowy, postwar Vienna, only to find himself investigating the mysterious death of an old friend, Harry Lime.",1163042597577540911035328202310089730
20250307,Maharaja,8.4,2024,Action,2:21,Nithilan Saminathan,"Vijay Sethupathi, Anurag Kashyap, Mamta Mohandas","A barber seeks vengeance after his home is burglarized, cryptically telling police his ""lakshmi"" has been taken, leaving them uncertain if it's a person or object. His quest to recover the elusive ""lakshmi"" unfolds.",315198831666651286291896047408841971
20250307,Rocky,8.1,1976,Drama,2:00,John G. Avildsen,"Sylvester Stallone, Talia Shire, Burt Young",A small-time Philadelphia boxer gets a supremely rare chance to fight the world heavyweight champion in a bout in which he strives to go the distance for his self-respect.,1072050800090449972221044857371991008
20250307,Tokyo Story,8.1,1953,Drama,2:17,Yasujirô Ozu,"Chishû RyûChieko Higashiyama, Sô Yamamura","An old couple visit their children and grandchildren in the city, but receive little attention.",224979694962417279805792374721908344
20250307,The Big Lebowski,8.1,1998,Comedy,1:57,Joel Coen,"Jeff Bridges, John Goodman, Julianne Moore","Jeff ""The Dude"" Lebowski, mistaken for a millionaire of the same name, seeks restitution for his ruined rug and enlists his bowling buddies to help get it.",425728600268618034824144453556183550
20250307,Spotlight,8.1,2015,Biography,2:09,Tom McCarthy,"Mark Ruffalo, Michael Keaton, Rachel Mc, Adams","The true story of how the Boston Globe uncovered the massive scandal of child molestation and cover-up within the local Catholic Archdiocese, shaking the entire Catholic Church to its core.",876668080938562410726384828529873298
20250307,The Seventh Seal,8.1,1957,Drama,1:36,Ingmar Bergman,"Max von Sydow, Gunnar Björnstrand, Bengt Ekerot","A knight returning to Sweden after the Crusades seeks answers about life, death, and the existence of God as he plays chess against the Grim Reaper during the Black Plague.",360975611881914816228015500148438212
20250307,The Terminator,8.1,1984,Action,1:47,James Cameron,"Arnold Schwarzenegger, Linda Hamilton, Michael Biehn",A cyborg assassin from the future attempts to find and kill a young woman who is destined to give birth to a warrior that will lead a resistance to save humankind from extinction.,719859984228375716584434307533901990
20250307,Room,8.1,2015,Drama,1:58,Lenny Abrahamson,"Brie Larson, Jacob Tremblay, Sean Bridgers","A little boy is held captive in a room with his mother since his birth, so he has never known the world outside.",761470395080919170111107640059115263
20250307,Pirates of the Caribbean: The Curse of the Black Pearl,8.1,2003,Action,2:23,Gore Verbinski,"Johnny Depp, Geoffrey Rush, Orlando Bloom","Blacksmith Will Turner teams up with eccentric pirate ""Captain"" Jack Sparrow to save Elizabeth Swann, the governor's daughter and his love, from Jack's former pirate allies, who are now undead.",311421853944351686428244725485010172
20250307,La haine,8.1,1995,Crime,1:38,Mathieu Kassovitz,"Vincent Cassel, Hubert KoundéSaïd Taghmaoui",24 hours in the lives of three young men in the French suburbs the day after a violent riot.,25567994637513052534708409394681759
20250307,Hotel Rwanda,8.1,2004,Biography,2:01,Terry George,"Don Cheadle, Sophie Okonedo, Joaquin Phoenix","Paul Rusesabagina, a hotel manager, houses over a thousand Tutsi refugees during their struggle against the Hutu militia in Rwanda, Africa.",302239055587853293470312671822505480
20250307,Jai Bhim,8.7,2021,Crime,2:44,T.J. Gnanavel,"Suriya, Lijo Mol Jose, Manikandan K.","When a tribal man is arrested for a case of alleged theft, his wife turns to a human-rights lawyer to help bring justice.",609445947101242219160934176648746767
20250307,Platoon,8.1,1986,Drama,2:00,Oliver Stone,"Charlie Sheen, Tom Berenger, Willem Dafoe","Chris Taylor, a neophyte recruit in Vietnam, finds himself caught in a battle of wills between two sergeants, one good and the other evil. A shrewd examination of the brutality of war and the duality of man in conflict.",217063547154598434307696677448889071
20250307,Before Sunset,8.1,2004,Drama,1:20,Richard Linklater,"Ethan Hawke, Julie Delpy, Vernon Dobtcheff","Nine years after Jesse and Celine first met, they encounter each other again on the French leg of Jesse's book tour.",926904685028404337051101790726979708
20250307,Demon Slayer: Kimetsu no Yaiba - Tsuzumi Mansion Arc,8.6,2021,Animation,1:27,Haruo Sotozaki,"Myrna Loy, Dana Andrews, Fredric March","Three World War II veterans, two of them traumatized or disabled, return home to the American midwest to discover that they and their families have been irreparably changed.",1272684112229535814897977025830958183
20250307,The Best Years of Our Lives,8.1,1946,Drama,2:50,William Wyler,"Myrna Loy, Dana Andrews, Fredric March","Three World War II veterans, two of them traumatized or disabled, return home to the American midwest to discover that they and their families have been irreparably changed.",927873129682723044298694301428843963
20250307,The Exorcist,8.1,1973,Horror,2:02,William Friedkin,"Ellen Burstyn, Max von Sydow, Linda Blair","When a mysterious entity possesses a young girl, her mother seeks the help of two Catholic priests to save her life.",836502318655660104095231551908575981
20250307,The Passion of Joan of Arc,8.1,1928,Biography,1:50,Carl Theodor Dreyer,"Maria Falconetti, Eugene Silvain, André Berley","In 1431, Jeanne d'Arc is placed on trial on charges of heresy. The ecclesiastical jurists attempt to force Jeanne to recant her claims of holy visions.",365522932978267973241656417213443600
20250307,The Wizard of Oz,8.1,1939,Adventure,1:42,Victor Fleming,"Judy Garland, Frank Morgan, Ray Bolger","Young Dorothy Gale and her dog Toto are swept away by a tornado from their Kansas farm to the magical Land of Oz and embark on a quest with three new friends to see the Wizard, who can return her to her home and fulfill the others' wishes.",1034483562199683945473069008960585627
20250307,The Incredibles,8.0,2004,Animation,1:55,Brad Bird,"Craig T. Nelson, Samuel L. Jackson, Holly Hunter","While trying to lead a quiet suburban life, a family of undercover superheroes are forced into action to save the world.",267287498528853772162547358449082539
20250307,The Sound of Music,8.1,1965,Biography,2:52,Robert Wise,"Julie Andrews, Christopher Plummer, Eleanor Parker",A young novice is sent by her convent in 1930s Austria to become a governess to the seven children of a widowed naval officer.,408927372606868559424243052327958566
20250307,Rush,8.1,2013,Biography,2:03,Ron Howard,"Daniel Brühl, Chris Hemsworth, Olivia Wilde","James Hunt and Niki Lauda, two extremely skilled Formula One racers, have an intense rivalry with each other. However, it is their enmity that pushes them to their limits.",981441491739819125250233432260625228
20250307,Hachi: A Dog's Tale,8.1,2009,Biography,1:33,Lasse Hallström,"Richard Gere, Joan Allen, Cary-Hiroyuki Tagawa","Professor Wilson discovers a lost Akita puppy on his way home. Despite objections from his wife, Hachi endears himself to the family and grows to be Parker's loyal companion. As their bond grows deeper, a beautiful relationship unfolds.",1166915070547423213910967383699738980
20250307,Stand by Me,8.1,1986,Adventure,1:29,Rob Reiner,"Wil Wheaton, River Phoenix, Corey Feldman",A writer recounts a childhood journey with his friends to find the body of a missing boy.,6423877399692962449546626727978347
20250307,Network,8.1,1976,Drama,2:01,Sidney Lumet,"Faye Dunaway, William Holden, Peter Finch","A television network cynically exploits a deranged former anchor's ravings and revelations about mass media for its own profit, but finds that his message may be difficult to control.",322607647718835636774674499190185604
20250307,My Father and My Son,8.2,2005,Drama,1:52,Çagan Irmak,"Çetin Tekindor, Fikret Kuskan, Hümeyra",The family of a left-wing journalist is torn apart after the military coup of Turkey in 1980.,90583710623591961341004238847813136
20250307,The Handmaiden,8.1,2016,Drama,2:25,Park Chan-wook,"Kim Min-hee, Ha Jung-woo, Cho Jin-woong","In 1930s Korea, a girl is hired as a handmaiden to a Japanese heiress who lives a secluded life on a countryside estate. But the maid has a secret: She is a pickpocket recruited by a swindler to help seduce the Lady and steal her fortune.",932934120562736554166521390522640163
20250307,The Iron Giant,8.1,1999,Animation,1:26,Brad Bird,"Eli Marienthal, Harry Connick Jr.Jennifer Aniston",A young boy befriends a giant robot from outer space that a paranoid government agent wants to destroy.,434776508085090997108743537565457018
20250307,To Be or Not to Be,8.1,1942,Comedy,1:39,Ernst Lubitsch,"Carole Lombard, Jack Benny, Robert Stack","During the German occupation of Poland, an acting troupe becomes embroiled in a Polish soldier's efforts to track down a German spy.",965267144610843823466642742317756780
20250307,The Battle of Algiers,8.1,1966,Drama,2:01,Gillo Pontecorvo,"Brahim Hadjadj, Jean Martin, Yacef Saadi","In the 1950s, fear and violence escalate as the people of Algiers fight for independence from the French government.",1251349321255687325028819757362395064
20250307,Into the Wild,8.1,2007,Adventure,2:28,Sean Penn,"Emile Hirsch, Vince Vaughn, Catherine Keener","After graduating from Emory University, top student and athlete Christopher McCandless abandons his possessions, gives his entire $24,000 savings account to charity and hitchhikes to Alaska to live in the wilderness.",753582880072300356078201818717073444
20250307,The Grapes of Wrath,8.1,1940,Drama,2:09,John Ford,"Henry Fonda, Jane Darwell, John Carradine","An Oklahoma family, driven off their farm by the poverty and hopelessness of the Dust Bowl, joins the westward migration to California, suffering the misfortunes of the homeless in the Great Depression.",468203608998146934219380377890761102
20250307,Groundhog Day,8.0,1993,Comedy,1:41,Harold Ramis,"Bill Murray, Andie Mac, Dowell, Chris Elliott","A narcissistic, self-centered weatherman finds himself in a time loop on Groundhog Day.",835417339171996205382565561800582306
20250307,The Help,8.1,2011,Drama,2:26,Tate Taylor,"Viola Davis, Emma Stone, Octavia Spencer","An aspiring author during the civil rights movement of the 1960s decides to write a book detailing the African American maids' point of view on the white families for which they work, and the hardships they go through on a daily basis.",641257599765182739987710345029264552
20250307,A Silent Voice,8.1,2016,Animation,2:10,Naoko Yamada,"Miyu Irino, Saori Hayami, Aoi Yûki","A deaf girl, Shoko, is bullied by the popular Shoya. As Shoya continues to bully Shoko, the class turns its back on him. Shoko transfers and Shoya grows up as an outcast. Alone and depressed, the regretful Shoya finds Shoko to make amends.",773547226418443643826100731546017620
20250307,Amores perros,8.0,2000,Drama,2:34,Alejandro G. Iñárritu,"Emilio Echevarría, Gael García Bernal, Goya Toledo","An amateur dog fighter, a supermodel, and a derelict assassin, all separately struggling to find love, find their lives transformed by a devastating car wreck in Mexico City.",575145605395917808550535618086776184
20250307,Rebecca,8.1,1940,Drama,2:10,Alfred Hitchcock,"Laurence Olivier, Joan Fontaine, George Sanders",A self-conscious woman juggles adjusting to her new role as an aristocrat's wife and avoiding being intimidated by his first wife's spectral presence.,805136299607947496727940840770944228
20250307,Drishyam,8.2,2015,Crime,2:43,Nishikant Kamat,"Ajay Devgn, Shriya Saran, Tabu","Desperate measures are taken by a man who tries to save his family from the dark side of the law, after they commit an unexpected crime.",358763982445598602474093396604580580
